INSERT INTO `reviewsystem`.`company` (`company_id`, `company_name`) VALUES ('1', 'Google');
INSERT INTO `reviewsystem`.`company` (`company_id`, `company_name`) VALUES ('2', 'Amazon');
INSERT INTO `reviewsystem`.`company` (`company_id`, `company_name`) VALUES ('3', 'Deloitte');
INSERT INTO `reviewsystem`.`company` (`company_id`, `company_name`) VALUES ('4', 'FabHotel');
INSERT INTO `reviewsystem`.`company` (`company_id`, `company_name`) VALUES ('5', 'Star Advertising');

INSERT INTO `reviewsystem`.`user` (`company_id`, `user_id`, `year_of_experience`, `name`) VALUES ('1', '1', '2', 'Vikas Dubey');
INSERT INTO `reviewsystem`.`user` (`company_id`, `user_id`, `year_of_experience`, `name`) VALUES ('2', '2', '5', 'Prasant Singh');
INSERT INTO `reviewsystem`.`user` (`company_id`, `user_id`, `year_of_experience`, `name`) VALUES ('3', '3', '3', 'Manas Prasad');
INSERT INTO `reviewsystem`.`user` (`company_id`, `user_id`, `year_of_experience`, `name`) VALUES ('5', '4', '10', 'Vibha Chaudhary');
INSERT INTO `reviewsystem`.`user` (`company_id`, `user_id`, `year_of_experience`, `name`) VALUES ('3', '5', '8', 'Payel Maity');
INSERT INTO `reviewsystem`.`user` (`company_id`, `user_id`, `year_of_experience`, `name`) VALUES ('2', '6', '14', 'Rahul Singh');
INSERT INTO `reviewsystem`.`user` (`company_id`, `user_id`, `year_of_experience`, `name`) VALUES ('5', '7', '1', 'Anjali Sharma');
INSERT INTO `reviewsystem`.`user` (`company_id`, `user_id`, `year_of_experience`, `name`) VALUES ('4', '8', '7', 'Pankaj Ray');
INSERT INTO `reviewsystem`.`user` (`company_id`, `user_id`, `year_of_experience`, `name`) VALUES ('1', '9', '5', 'Satyam Kumar');
INSERT INTO `reviewsystem`.`user` (`company_id`, `user_id`, `year_of_experience`, `name`) VALUES ('5', '10', '3', 'Imran Khan');
INSERT INTO `reviewsystem`.`user` (`company_id`, `user_id`, `year_of_experience`, `name`) VALUES ('1', '11', '8', 'Harpreet Kaur');
INSERT INTO `reviewsystem`.`user` (`company_id`, `user_id`, `year_of_experience`, `name`) VALUES ('3', '12', '4', 'Raj Vardhan');
INSERT INTO `reviewsystem`.`user` (`company_id`, `user_id`, `year_of_experience`, `name`) VALUES ('4', '13', '12', 'Vivek Kumar');
INSERT INTO `reviewsystem`.`user` (`company_id`, `user_id`, `year_of_experience`, `name`) VALUES ('5', '14', '16', 'Sangeet Bhattacharya');
INSERT INTO `reviewsystem`.`user` (`company_id`, `user_id`, `year_of_experience`, `name`) VALUES ('4', '15', '4', 'Akash Kumar');
INSERT INTO `reviewsystem`.`user` (`company_id`, `user_id`, `year_of_experience`, `name`) VALUES ('2', '16', '3', 'Harsh Prateek');

INSERT INTO `reviewsystem`.`skill_group` (`skill_group_id`, `name`) VALUES ('1', 'Java');
INSERT INTO `reviewsystem`.`skill_group` (`skill_group_id`, `name`) VALUES ('2', 'Python');
INSERT INTO `reviewsystem`.`skill_group` (`skill_group_id`, `name`) VALUES ('3', 'HR');
INSERT INTO `reviewsystem`.`skill_group` (`skill_group_id`, `name`) VALUES ('4', 'Team Leader');
INSERT INTO `reviewsystem`.`skill_group` (`skill_group_id`, `name`) VALUES ('5', 'Accounting');
INSERT INTO `reviewsystem`.`skill_group` (`skill_group_id`, `name`) VALUES ('6', 'Analytics');
INSERT INTO `reviewsystem`.`skill_group` (`skill_group_id`, `name`) VALUES ('7', 'Sales');
INSERT INTO `reviewsystem`.`skill_group` (`skill_group_id`, `name`) VALUES ('8', 'Cloud');
INSERT INTO `reviewsystem`.`skill_group` (`skill_group_id`, `name`) VALUES ('9', 'Javascript');




INSERT INTO `reviewsystem`.`skill` (`skill_id`, `name`,`skill_group_id`) VALUES ('1', 'Java','1');
INSERT INTO `reviewsystem`.`skill` (`skill_id`, `name`,`skill_group_id`) VALUES ('2', 'Spring Boot','1');
INSERT INTO `reviewsystem`.`skill` (`skill_id`, `name`,`skill_group_id`) VALUES ('3', 'Hibernate','1');
INSERT INTO `reviewsystem`.`skill` (`skill_id`, `name`,`skill_group_id`) VALUES ('4', 'AWS','1');
INSERT INTO `reviewsystem`.`skill` (`skill_id`, `name`,`skill_group_id`) VALUES ('5', 'Azure','8');
INSERT INTO `reviewsystem`.`skill` (`skill_id`, `name`,`skill_group_id`) VALUES ('6', 'GCP','8');
INSERT INTO `reviewsystem`.`skill` (`skill_id`, `name`,`skill_group_id`) VALUES ('7', 'Javascript','9');
INSERT INTO `reviewsystem`.`skill` (`skill_id`, `name`,`skill_group_id`) VALUES ('8', 'NodeJs','9');
INSERT INTO `reviewsystem`.`skill` (`skill_id`, `name`,`skill_group_id`) VALUES ('9', 'React JS','9');
INSERT INTO `reviewsystem`.`skill` (`skill_id`, `name`,`skill_group_id`) VALUES ('10', 'Angular','9');
INSERT INTO `reviewsystem`.`skill` (`skill_id`, `name`,`skill_group_id`) VALUES ('11', 'Python','2');
INSERT INTO `reviewsystem`.`skill` (`skill_id`, `name`,`skill_group_id`) VALUES ('12', 'Django','2');
INSERT INTO `reviewsystem`.`skill` (`skill_id`, `name`,`skill_group_id`) VALUES ('13', 'Data Analytic','6');
INSERT INTO `reviewsystem`.`skill` (`skill_id`, `name`,`skill_group_id`) VALUES ('14', 'Power BI','6');
INSERT INTO `reviewsystem`.`skill` (`skill_id`, `name`,`skill_group_id`) VALUES ('15', 'Sales','7');
INSERT INTO `reviewsystem`.`skill` (`skill_id`, `name`,`skill_group_id`) VALUES ('16', 'Advertising','7');
INSERT INTO `reviewsystem`.`skill` (`skill_id`, `name`,`skill_group_id`) VALUES ('17', 'MS Excel','6');
INSERT INTO `reviewsystem`.`skill` (`skill_id`, `name`,`skill_group_id`) VALUES ('18', 'Communication','3');
INSERT INTO `reviewsystem`.`skill` (`skill_id`, `name`,`skill_group_id`) VALUES ('19', 'Team Management','4');
INSERT INTO `reviewsystem`.`skill` (`skill_id`, `name`,`skill_group_id`) VALUES ('20', 'Payroll','3');
INSERT INTO `reviewsystem`.`skill` (`skill_id`, `name`,`skill_group_id`) VALUES ('21', 'Audits','5');
INSERT INTO `reviewsystem`.`skill` (`skill_id`, `name`,`skill_group_id`) VALUES ('22', 'Power Point Presentation','4');
INSERT INTO `reviewsystem`.`skill` (`skill_id`, `name`,`skill_group_id`) VALUES ('23', 'Leadership','4');
INSERT INTO `reviewsystem`.`skill` (`skill_id`, `name`,`skill_group_id`) VALUES ('24', 'Accounting','5');
INSERT INTO `reviewsystem`.`skill` (`skill_id`, `name`,`skill_group_id`) VALUES ('25', 'Apache Spark','1');


INSERT INTO `reviewsystem`.`user_skill_mapping` (`skill_id`, `user_id`) VALUES ('1', '1');
INSERT INTO `reviewsystem`.`user_skill_mapping` (`skill_id`, `user_id`) VALUES ('2', '1');
INSERT INTO `reviewsystem`.`user_skill_mapping` (`skill_id`, `user_id`) VALUES ('3', '1');
INSERT INTO `reviewsystem`.`user_skill_mapping` (`skill_id`, `user_id`) VALUES ('6', '1');
INSERT INTO `reviewsystem`.`user_skill_mapping` (`skill_id`, `user_id`) VALUES ('7', '1');
INSERT INTO `reviewsystem`.`user_skill_mapping` (`skill_id`, `user_id`) VALUES ('1', '2');
INSERT INTO `reviewsystem`.`user_skill_mapping` (`skill_id`, `user_id`) VALUES ('2', '2');
INSERT INTO `reviewsystem`.`user_skill_mapping` (`skill_id`, `user_id`) VALUES ('7', '2');
INSERT INTO `reviewsystem`.`user_skill_mapping` (`skill_id`, `user_id`) VALUES ('8', '2');
INSERT INTO `reviewsystem`.`user_skill_mapping` (`skill_id`, `user_id`) VALUES ('9', '3');
INSERT INTO `reviewsystem`.`user_skill_mapping` (`skill_id`, `user_id`) VALUES ('10', '3');
INSERT INTO `reviewsystem`.`user_skill_mapping` (`skill_id`, `user_id`) VALUES ('5', '3');
INSERT INTO `reviewsystem`.`user_skill_mapping` (`skill_id`, `user_id`) VALUES ('15', '4');
INSERT INTO `reviewsystem`.`user_skill_mapping` (`skill_id`, `user_id`) VALUES ('16', '4');
INSERT INTO `reviewsystem`.`user_skill_mapping` (`skill_id`, `user_id`) VALUES ('17', '4');
INSERT INTO `reviewsystem`.`user_skill_mapping` (`skill_id`, `user_id`) VALUES ('22', '4');
INSERT INTO `reviewsystem`.`user_skill_mapping` (`skill_id`, `user_id`) VALUES ('23', '4');
INSERT INTO `reviewsystem`.`user_skill_mapping` (`skill_id`, `user_id`) VALUES ('25', '4');
INSERT INTO `reviewsystem`.`user_skill_mapping` (`skill_id`, `user_id`) VALUES ('3', '5');
INSERT INTO `reviewsystem`.`user_skill_mapping` (`skill_id`, `user_id`) VALUES ('1', '5');
INSERT INTO `reviewsystem`.`user_skill_mapping` (`skill_id`, `user_id`) VALUES ('7', '5');
INSERT INTO `reviewsystem`.`user_skill_mapping` (`skill_id`, `user_id`) VALUES ('4', '6');
INSERT INTO `reviewsystem`.`user_skill_mapping` (`skill_id`, `user_id`) VALUES ('7', '6');
INSERT INTO `reviewsystem`.`user_skill_mapping` (`skill_id`, `user_id`) VALUES ('10', '6');
INSERT INTO `reviewsystem`.`user_skill_mapping` (`skill_id`, `user_id`) VALUES ('20', '7');
INSERT INTO `reviewsystem`.`user_skill_mapping` (`skill_id`, `user_id`) VALUES ('23', '7');
INSERT INTO `reviewsystem`.`user_skill_mapping` (`skill_id`, `user_id`) VALUES ('24', '7');
INSERT INTO `reviewsystem`.`user_skill_mapping` (`skill_id`, `user_id`) VALUES ('18', '7');
INSERT INTO `reviewsystem`.`user_skill_mapping` (`skill_id`, `user_id`) VALUES ('1', '8');
INSERT INTO `reviewsystem`.`user_skill_mapping` (`skill_id`, `user_id`) VALUES ('2', '8');
INSERT INTO `reviewsystem`.`user_skill_mapping` (`skill_id`, `user_id`) VALUES ('3', '8');
INSERT INTO `reviewsystem`.`user_skill_mapping` (`skill_id`, `user_id`) VALUES ('4', '8');
INSERT INTO `reviewsystem`.`user_skill_mapping` (`skill_id`, `user_id`) VALUES ('11', '9');
INSERT INTO `reviewsystem`.`user_skill_mapping` (`skill_id`, `user_id`) VALUES ('12', '9');
INSERT INTO `reviewsystem`.`user_skill_mapping` (`skill_id`, `user_id`) VALUES ('23', '10');
INSERT INTO `reviewsystem`.`user_skill_mapping` (`skill_id`, `user_id`) VALUES ('18', '10');
INSERT INTO `reviewsystem`.`user_skill_mapping` (`skill_id`, `user_id`) VALUES ('11', '12');
INSERT INTO `reviewsystem`.`user_skill_mapping` (`skill_id`, `user_id`) VALUES ('12', '12');
INSERT INTO `reviewsystem`.`user_skill_mapping` (`skill_id`, `user_id`) VALUES ('7', '13');
INSERT INTO `reviewsystem`.`user_skill_mapping` (`skill_id`, `user_id`) VALUES ('8', '13');
INSERT INTO `reviewsystem`.`user_skill_mapping` (`skill_id`, `user_id`) VALUES ('9', '13');
INSERT INTO `reviewsystem`.`user_skill_mapping` (`skill_id`, `user_id`) VALUES ('10', '13');
INSERT INTO `reviewsystem`.`user_skill_mapping` (`skill_id`, `user_id`) VALUES ('1', '13');
INSERT INTO `reviewsystem`.`user_skill_mapping` (`skill_id`, `user_id`) VALUES ('19', '14');
INSERT INTO `reviewsystem`.`user_skill_mapping` (`skill_id`, `user_id`) VALUES ('14', '14');
INSERT INTO `reviewsystem`.`user_skill_mapping` (`skill_id`, `user_id`) VALUES ('15', '14');
INSERT INTO `reviewsystem`.`user_skill_mapping` (`skill_id`, `user_id`) VALUES ('15', '15');
INSERT INTO `reviewsystem`.`user_skill_mapping` (`skill_id`, `user_id`) VALUES ('16', '15');
INSERT INTO `reviewsystem`.`user_skill_mapping` (`skill_id`, `user_id`) VALUES ('17', '15');
INSERT INTO `reviewsystem`.`user_skill_mapping` (`skill_id`, `user_id`) VALUES ('18', '15');
INSERT INTO `reviewsystem`.`user_skill_mapping` (`skill_id`, `user_id`) VALUES ('19', '15');
INSERT INTO `reviewsystem`.`user_skill_mapping` (`skill_id`, `user_id`) VALUES ('20', '16');
INSERT INTO `reviewsystem`.`user_skill_mapping` (`skill_id`, `user_id`) VALUES ('21', '16');
INSERT INTO `reviewsystem`.`user_skill_mapping` (`skill_id`, `user_id`) VALUES ('23', '16');
INSERT INTO `reviewsystem`.`user_skill_mapping` (`skill_id`, `user_id`) VALUES ('24', '16');
INSERT INTO `reviewsystem`.`user_skill_mapping` (`skill_id`, `user_id`) VALUES ('17', '16');
INSERT INTO `reviewsystem`.`user_skill_mapping` (`skill_id`, `user_id`) VALUES ('13', '16');
INSERT INTO `reviewsystem`.`user_skill_mapping` (`skill_id`, `user_id`) VALUES ('14', '16');


